{
    "parent": "block/block",
    "elements": [
        {   "from": [ 0, 0, 0 ],
            "to": [ 16, 16, 16 ],
            "faces": {
                "down":  { "texture": "#down", "cullface": "down"},
                "up":    { "texture": "#up", "cullface": "up"},
                "north": { "texture": "#south", "cullface": "north", "rotation": 180},
                "south": { "texture": "#south", "cullface": "south"},
                "west":  { "texture": "#west", "cullface": "west"},
                "east":  { "texture": "#west", "cullface": "east", "rotation": 180}
            }
        }
    ],
		"textures": {
				"particle": "block/paint_blocks/basalt_brick_top_bottom",
        "up": "block/paint_blocks/basalt_brick_top_bottom",
        "down": "block/paint_blocks/basalt_brick_top_bottom",
        "south": "block/paint_blocks/basalt_brick_side_south",
        "west": "block/paint_blocks/basalt_brick_side_west"
    }
}
