{
    "parent": "block/block",
    "elements": [
        {   "from": [ 0, 0, 0 ],
            "to": [ 16, 16, 16 ],
            "faces": {
                "down":  { "texture": "#down", "cullface": "down"},
                "up":    { "texture": "#up", "cullface": "up"},
                "north": { "texture": "#side", "cullface": "north"},
                "south": { "texture": "#side", "cullface": "south"},
                "west":  { "texture": "#side", "cullface": "west"},
                "east":  { "texture": "#side", "cullface": "east"}
            }
        }
    ],
		"textures": {
				"particle": "block/paint_blocks/basalt_brick_top_bottom",
        "up": "block/paint_blocks/grass_stone_tile_top",
        "side": "block/smooth_stone_slab_side",
        "down": "block/smooth_stone"
    }
}
