{
    "parent": "block/block",
    "elements": [
        {   "from": [ 0, 0, 0 ],
            "to": [ 16, 16, 16 ],
            "faces": {
                "down":  { "texture": "#all", "cullface": "down"},
                "up":    { "texture": "#all", "cullface": "up"},
                "north": { "texture": "#all", "cullface": "north"},
                "south": { "texture": "#all1", "cullface": "south"},
                "west":  { "texture": "#all1", "cullface": "west"},
                "east":  { "texture": "#all", "cullface": "east"}
            }
        }
    ],
		"textures": {
				"particle": "block/paint_blocks/wattle_and_daub_diagonal",
        "all": "block/paint_blocks/wattle_and_daub_diagonal",
        "all1": "block/paint_blocks/wattle_and_daub_diagonal1"
    }
}
