{  
	"parent": "block/cube_all",
	"textures":	{
		"side": "block/mushroom_stem",
		"particle": "block/mushroom_stem"
	},
  "elements": [
		{
			"from": [ 0, 0, 0 ],
			"to": [ 16, 16, 16 ],
			"faces": {
				"down":  { "texture": "#side", "cullface": "down" },
				"east":  { "texture": "#side", "cullface": "east" },
				"north": { "texture": "#side", "cullface": "north" },
				"south": { "texture": "#side", "cullface": "south" },
				"up":	 { "texture": "#side", "cullface": "up" },
				"west":  { "texture": "#side", "cullface": "west" }
			}
		}
	]
}
 
