{ 
	"parent": "block/cube_all",
	"textures":	{
			"updown": "block/mushroom_block_inside",
				"side": "block/red_mushroom_block",
				"particle": "block/red_mushroom_block"
	},
	"elements": [
		{
			"from": [0, 0, 0],
			"to": [16, 16, 16],
			"faces": {
				"down":	{"texture": "#updown", "cullface": "down"},
				"up":	{"texture": "#updown", "cullface": "up"},
				"north": {"texture": "#updown", "cullface": "north"},
				"south": {"texture": "#updown", "cullface": "south"},
				"west":	{"texture": "#updown", "cullface": "west"},
				"east":	{"texture": "#updown", "cullface": "east"}
			}
		}
	]
}
 
