{
	"parent": "item/firework_rocket_orig",
	"overrides": [
		{
			"predicate": {"custom_model_data": 300000},
			"model": "block/paint_blocks/default/brown_mushroom_block_survival_true"
		},
		{
			"predicate": {"custom_model_data": 300001},
			"model": "block/paint_blocks/default/mushroom_stem_survival_true"
		},
		{
			"predicate": {"custom_model_data": 300002},
			"model": "block/paint_blocks/default/red_mushroom_block_survival_true"
		},
		{
			"predicate": {"custom_model_data": 300003},
			"model": "block/paint_blocks/default/red_mushroom_block_survival_false"
		},
		{
			"predicate": {"custom_model_data": 300004},
			"model": "block/paint_blocks/basalt_smooth"
		},
		{
			"predicate": {"custom_model_data": 300005},
			"model": "block/paint_blocks/basalt_cobble"
		},
		{
			"predicate": {"custom_model_data": 300006},
			"model": "block/paint_blocks/basalt_brick"
		},
		{
			"predicate": {"custom_model_data": 300007},
			"model": "block/paint_blocks/basalt_polished"
		},
		{
			"predicate": {"custom_model_data": 300008},
			"model": "block/paint_blocks/purpleheart_wood"
		},
		{
			"predicate": {"custom_model_data": 300009},
			"model": "block/paint_blocks/purpleheart_log"
		},
		{
			"predicate": {"custom_model_data": 300010},
			"model": "block/paint_blocks/purpleheart_stripped_wood"
		},
		{
			"predicate": {"custom_model_data": 300011},
			"model": "block/paint_blocks/purpleheart_stripped_log"
		},
		{
			"predicate": {"custom_model_data": 300012},
			"model": "block/paint_blocks/purpleheart_planks"
		},
		{
			"predicate": {"custom_model_data": 300013},
			"model": "block/paint_blocks/ebony_wood"
		},
		{
			"predicate": {"custom_model_data": 300014},
			"model": "block/paint_blocks/ebony_log"
		},
		{
			"predicate": {"custom_model_data": 300015},
			"model": "block/paint_blocks/ebony_stripped_wood"
		},
		{
			"predicate": {"custom_model_data": 300016},
			"model": "block/paint_blocks/ebony_stripped_log"
		},
		{
			"predicate": {"custom_model_data": 300017},
			"model": "block/paint_blocks/ebony_planks"
		},
		{
			"predicate": {"custom_model_data": 300018},
			"model": "block/paint_blocks/verawood_wood"
		},
		{
			"predicate": {"custom_model_data": 300019},
			"model": "block/paint_blocks/verawood_log"
		},
		{
			"predicate": {"custom_model_data": 300020},
			"model": "block/paint_blocks/verawood_stripped_wood"
		},
		{
			"predicate": {"custom_model_data": 300021},
			"model": "block/paint_blocks/verawood_stripped_log"
		},
		{
			"predicate": {"custom_model_data": 300022},
			"model": "block/paint_blocks/verawood_planks"
		},
		{
			"predicate": {"custom_model_data": 300023},
			"model": "block/paint_blocks/wrought_iron_plate"
		},
		{
			"predicate": {"custom_model_data": 300024},
			"model": "block/paint_blocks/rusty_wrought_iron_plate"
		},
		{
			"predicate": {"custom_model_data": 300025},
			"model": "block/paint_blocks/rocky_dirt"
		},
		{
			"predicate": {"custom_model_data": 300026},
			"model": "block/paint_blocks/sandstone_brick"
		},
		{
			"predicate": {"custom_model_data": 300027},
			"model": "block/paint_blocks/wattle_and_daub_frame"
		},
		{
			"predicate": {"custom_model_data": 300028},
			"model": "block/paint_blocks/wattle_and_daub_pillar"
		},
		{
			"predicate": {"custom_model_data": 300029},
			"model": "block/paint_blocks/wattle_and_daub_diagonal0"
		},
		{
			"predicate": {"custom_model_data": 300030},
			"model": "block/paint_blocks/wattle_and_daub_cross"
		},
		{
			"predicate": {"custom_model_data": 300031},
			"model": "block/paint_blocks/lemurian_labradorite"
		},
		{
			"predicate": {"custom_model_data": 300032},
			"model": "block/paint_blocks/lemurian_labradorite_polished"
		},
		{
			"predicate": {"custom_model_data": 300033},
			"model": "block/paint_blocks/lemurian_labradorite_brick"
		},
		{
			"predicate": {"custom_model_data": 300034},
			"model": "block/paint_blocks/lemurian_labradorite_chiseled"
		},
		{
			"predicate": {"custom_model_data": 300035},
			"model": "block/paint_blocks/morklila_brick"
		},
		{
			"predicate": {"custom_model_data": 300036},
			"model": "block/paint_blocks/morklila_pillar"
		},
		{
			"predicate": {"custom_model_data": 300037},
			"model": "block/paint_blocks/sandstone_reinforced"
		},
		{
			"predicate": {"custom_model_data": 300038},
			"model": "block/paint_blocks/terracotta_tile"
		},
		{
			"predicate": {"custom_model_data": 300039},
			"model": "block/paint_blocks/grass_stone_tile"
		},
		{
			"predicate": {"custom_model_data": 300040},
			"model": "block/paint_blocks/brick_weathered"
		},
		{
			"predicate": {"custom_model_data": 300041},
			"model": "block/paint_blocks/stone_bricks_weathered"
		},
		{
			"predicate": {"custom_model_data": 300042},
			"model": "block/paint_blocks/chordzol"
		},
		{
			"predicate": {"custom_model_data": 300043},
			"model": "block/paint_blocks/chordzol_patchy"
		},
		{
			"predicate": {"custom_model_data": 300044},
			"model": "block/paint_blocks/thatch"
		}
	]
}
