{
	"multipart":[
		{"when":{"down":false,"east":false,"north":false,"south":false,"up":false,"west":false},"apply":{"model":"block/paint_blocks/default/mushroom_stem_survival_false"}},
		{"when":{"down":false,"east":true,"north":true,"south":true,"up":false,"west":true},"apply":{"model":"block/paint_blocks/default/mushroom_stem_survival_true"}},
		
		{"when":{"down":true,"east":true,"north":true,"south":true,"up":true,"west":true},"apply":{"model":"block/paint_blocks/default/brown_mushroom_block_survival_true"}},
		
		{"when":{"down":true,"east":false,"north":false,"south":false,"up":false,"west":false},"apply":{"model":"block/paint_blocks/default/red_mushroom_block_survival_true"}},

		{"when":{"down":false,"east":false,"north":false,"south":false,"up":false,"west":true},"apply":{"model":"lapisdemon/bonus/mushroomblocks/100"}},
		{"when":{"down":false,"east":false,"north":false,"south":false,"up":true,"west":false},"apply":{"model":"lapisdemon/bonus/mushroomblocks/101"}},
		{"when":{"down":false,"east":false,"north":false,"south":false,"up":true,"west":true},"apply":{"model":"lapisdemon/bonus/mushroomblocks/102"}},
		{"when":{"down":false,"east":false,"north":false,"south":true,"up":false,"west":false},"apply":{"model":"lapisdemon/bonus/mushroomblocks/103"}},
		{"when":{"down":false,"east":false,"north":false,"south":true,"up":false,"west":true},"apply":{"model":"lapisdemon/bonus/mushroomblocks/104"}},
		{"when":{"down":false,"east":false,"north":false,"south":true,"up":true,"west":false},"apply":{"model":"lapisdemon/bonus/mushroomblocks/105"}},
		{"when":{"down":false,"east":false,"north":false,"south":true,"up":true,"west":true},"apply":{"model":"lapisdemon/bonus/mushroomblocks/106"}},
		{"when":{"down":false,"east":false,"north":true,"south":false,"up":false,"west":false},"apply":{"model":"block/paint_blocks/thatch"}},
		{"when":{"down":false,"east":false,"north":true,"south":false,"up":false,"west":true},"apply":{"model":"block/paint_blocks/chordzol_patchy"}},
		{"when":{"down":false,"east":false,"north":true,"south":false,"up":true,"west":false},"apply":{"model":"block/paint_blocks/chordzol"}},
		{"when":{"down":false,"east":false,"north":true,"south":false,"up":true,"west":true},"apply":{"model":"block/paint_blocks/stone_bricks_weathered"}},
		{"when":{"down":false,"east":false,"north":true,"south":true,"up":false,"west":false},"apply":{"model":"block/paint_blocks/brick_weathered"}},
		{"when":{"down":false,"east":false,"north":true,"south":true,"up":false,"west":true},"apply":{"model":"block/paint_blocks/grass_stone_tile"}},
		{"when":{"down":false,"east":false,"north":true,"south":true,"up":true,"west":false},"apply":{"model":"block/paint_blocks/terracotta_tile"}},
		{"when":{"down":false,"east":false,"north":true,"south":true,"up":true,"west":true},"apply":{"model":"block/paint_blocks/sandstone_reinforced"}},
		{"when":{"down":false,"east":true,"north":false,"south":false,"up":false,"west":false},"apply":{"model":"block/paint_blocks/morklila_pillar"}},
		{"when":{"down":false,"east":true,"north":false,"south":false,"up":false,"west":true},"apply":{"model":"block/paint_blocks/morklila_brick"}},
		{"when":{"down":false,"east":true,"north":false,"south":false,"up":true,"west":false},"apply":{"model":"block/paint_blocks/lemurian_labradorite_chiseled"}},
		{"when":{"down":false,"east":true,"north":false,"south":false,"up":true,"west":true},"apply":{"model":"block/paint_blocks/lemurian_labradorite_brick"}},
		{"when":{"down":false,"east":true,"north":false,"south":true,"up":false,"west":false},"apply":{"model":"block/paint_blocks/lemurian_labradorite_polished"}},
		{"when":{"down":false,"east":true,"north":false,"south":true,"up":false,"west":true},"apply":{"model":"block/paint_blocks/lemurian_labradorite"}},
		{"when":{"down":false,"east":true,"north":false,"south":true,"up":true,"west":false},"apply":{"model":"block/paint_blocks/wattle_and_daub_cross"}},
		{"when":{"down":false,"east":true,"north":false,"south":true,"up":true,"west":true},"apply":{"model":"block/paint_blocks/wattle_and_daub_diagonal0"}},
		{"when":{"down":false,"east":true,"north":true,"south":false,"up":false,"west":false},"apply":{"model":"block/paint_blocks/wattle_and_daub_pillar"}},
		{"when":{"down":false,"east":true,"north":true,"south":false,"up":false,"west":true},"apply":{"model":"block/paint_blocks/wattle_and_daub_frame"}},
		{"when":{"down":false,"east":true,"north":true,"south":false,"up":true,"west":false},"apply":{"model":"block/paint_blocks/sandstone_brick"}},
		{"when":{"down":false,"east":true,"north":true,"south":false,"up":true,"west":true},"apply":{"model":"block/paint_blocks/rocky_dirt"}},
		{"when":{"down":false,"east":true,"north":true,"south":true,"up":false,"west":false},"apply":{"model":"block/paint_blocks/rusty_wrought_iron_plate"}},
		{"when":{"down":false,"east":true,"north":true,"south":true,"up":true,"west":false},"apply":{"model":"block/paint_blocks/wrought_iron_plate"}},
		{"when":{"down":false,"east":true,"north":true,"south":true,"up":true,"west":true},"apply":{"model":"block/paint_blocks/verawood_planks"}},
		{"when":{"down":true,"east":false,"north":false,"south":false,"up":false,"west":true},"apply":{"model":"block/paint_blocks/verawood_stripped_log", "x": 90}},
		{"when":{"down":true,"east":false,"north":false,"south":false,"up":true,"west":false},"apply":{"model":"block/paint_blocks/verawood_stripped_log", "x": 90, "y": 90}},
		{"when":{"down":true,"east":false,"north":false,"south":false,"up":true,"west":true},"apply":{"model":"block/paint_blocks/verawood_stripped_log"}},
		{"when":{"down":true,"east":false,"north":false,"south":true,"up":false,"west":false},"apply":{"model":"block/paint_blocks/verawood_stripped_wood"}},
		{"when":{"down":true,"east":false,"north":false,"south":true,"up":false,"west":true},"apply":{"model":"block/paint_blocks/verawood_log", "x": 90}},
		{"when":{"down":true,"east":false,"north":false,"south":true,"up":true,"west":false},"apply":{"model":"block/paint_blocks/verawood_log", "x": 90, "y": 90}},
		{"when":{"down":true,"east":false,"north":false,"south":true,"up":true,"west":true},"apply":{"model":"block/paint_blocks/verawood_log"}},
		{"when":{"down":true,"east":false,"north":true,"south":false,"up":false,"west":false},"apply":{"model":"block/paint_blocks/verawood_wood"}},
		{"when":{"down":true,"east":false,"north":true,"south":false,"up":false,"west":true},"apply":{"model":"block/paint_blocks/ebony_planks"}},
		{"when":{"down":true,"east":false,"north":true,"south":false,"up":true,"west":false},"apply":{"model":"block/paint_blocks/ebony_stripped_log", "x": 90}},
		{"when":{"down":true,"east":false,"north":true,"south":false,"up":true,"west":true},"apply":{"model":"block/paint_blocks/ebony_stripped_log", "x": 90, "y": 90}},
		{"when":{"down":true,"east":false,"north":true,"south":true,"up":false,"west":false},"apply":{"model":"block/paint_blocks/ebony_stripped_log"}},
		{"when":{"down":true,"east":false,"north":true,"south":true,"up":false,"west":true},"apply":{"model":"block/paint_blocks/ebony_stripped_wood"}},
		{"when":{"down":true,"east":false,"north":true,"south":true,"up":true,"west":false},"apply":{"model":"block/paint_blocks/ebony_log", "x": 90}},
		{"when":{"down":true,"east":false,"north":true,"south":true,"up":true,"west":true},"apply":{"model":"block/paint_blocks/ebony_log", "x": 90, "y": 90}},
		{"when":{"down":true,"east":true,"north":false,"south":false,"up":false,"west":false},"apply":{"model":"block/paint_blocks/ebony_log"}},
		{"when":{"down":true,"east":true,"north":false,"south":false,"up":false,"west":true},"apply":{"model":"block/paint_blocks/ebony_wood"}},
		{"when":{"down":true,"east":true,"north":false,"south":false,"up":true,"west":false},"apply":{"model":"block/paint_blocks/purpleheart_planks"}},
		{"when":{"down":true,"east":true,"north":false,"south":false,"up":true,"west":true},"apply":{"model":"block/paint_blocks/purpleheart_stripped_log", "x": 90}},
		{"when":{"down":true,"east":true,"north":false,"south":true,"up":false,"west":false},"apply":{"model":"block/paint_blocks/purpleheart_stripped_log", "x": 90, "y": 90}},
		{"when":{"down":true,"east":true,"north":false,"south":true,"up":false,"west":true},"apply":{"model":"block/paint_blocks/purpleheart_stripped_log"}},
		{"when":{"down":true,"east":true,"north":false,"south":true,"up":true,"west":false},"apply":{"model":"block/paint_blocks/purpleheart_stripped_wood"}},
		{"when":{"down":true,"east":true,"north":false,"south":true,"up":true,"west":true},"apply":{"model":"block/paint_blocks/purpleheart_log", "x": 90}},
		{"when":{"down":true,"east":true,"north":true,"south":false,"up":false,"west":false},"apply":{"model":"block/paint_blocks/purpleheart_log", "x": 90, "y": 90}},
		{"when":{"down":true,"east":true,"north":true,"south":false,"up":false,"west":true},"apply":{"model":"block/paint_blocks/purpleheart_log"}},
		{"when":{"down":true,"east":true,"north":true,"south":false,"up":true,"west":false},"apply":{"model":"block/paint_blocks/purpleheart_wood"}},
		{"when":{"down":true,"east":true,"north":true,"south":false,"up":true,"west":true},"apply":{"model":"block/paint_blocks/basalt_polished"}},
		{"when":{"down":true,"east":true,"north":true,"south":true,"up":false,"west":false},"apply":{"model":"block/paint_blocks/basalt_brick"}},
		{"when":{"down":true,"east":true,"north":true,"south":true,"up":false,"west":true},"apply":{"model":"block/paint_blocks/basalt_smooth"}},
		{"when":{"down":true,"east":true,"north":true,"south":true,"up":true,"west":false},"apply":{"model":"block/paint_blocks/basalt_cobble"}}
	]
}
